{
    "dataset": "agric_001_consumer_trend",
    "algorithm": "tuned.AIFeynman",
    "params": {
        "BF_ops_file_type": "14ops.txt",
        "BF_try_time": 60,
        "NN_epochs": 4000,
        "max_time": 28800,
        "polyfit_deg": 4,
        "random_state": 15795,
        "test_percentage": 20
    },
    "random_state": 15795,
    "time_time": 16699.25588130951,
    "symbolic_model": "x0",
    "mse_train": 20.206284196006543,
    "mae_train": 4.484257006181865,
    "r2_train": -205.7703864173495,
    "mape_train": 1.0,
    "mse_test": 20.293032176550437,
    "mae_test": 4.49479963997031,
    "r2_test": -224.9592450250666,
    "mape_test": 1.0,
    "rmse_train": 4.495140064114414,
    "rmse_test": 4.504778815496987,
    "equation_train_mse": 16.233370326498083,
    "equation_train_mae": 3.998256006181865,
    "equation_train_rmse": 4.029065689027431,
    "equation_train_mape": 0.890519508291045,
    "equation_test_mse": 16.311856049953477,
    "equation_test_mae": 4.010434035845227,
    "equation_test_rmse": 4.038793885549679,
    "equation_test_mape": 0.8914115157807772,
    "simplicity": -0.0
}