{
    "dataset": "agric_001_sustainability",
    "algorithm": "tuned.AIFeynman",
    "params": {
        "BF_ops_file_type": "14ops.txt",
        "BF_try_time": 60,
        "NN_epochs": 4000,
        "max_time": 28800,
        "polyfit_deg": 4,
        "random_state": 5390,
        "test_percentage": 20
    },
    "random_state": 5390,
    "time_time": 11746.694366455078,
    "symbolic_model": "x0",
    "mse_train": 14.125616148358883,
    "mae_train": 3.651910284602532,
    "r2_train": -16.899390879822075,
    "mape_train": 1.0,
    "mse_test": 14.115391982794577,
    "mae_test": 3.6463152368973906,
    "r2_test": -16.218571578535624,
    "mape_test": 1.0,
    "rmse_train": 3.758406064857666,
    "rmse_test": 3.757045645556436,
    "equation_train_mse": 11.0789807975537,
    "equation_train_mae": 3.177513420981649,
    "equation_train_rmse": 3.32851029704787,
    "equation_train_mape": 0.8515279769622182,
    "equation_test_mse": 10.907978106035952,
    "equation_test_mae": 3.1496980412854025,
    "equation_test_rmse": 3.302722832154698,
    "equation_test_mape": 0.8432697016074958,
    "simplicity": -0.0
}