{
    "dataset": "agric_001_consumer_trend",
    "algorithm": "tuned.AIFeynman",
    "params": {
        "BF_ops_file_type": "14ops.txt",
        "BF_try_time": 60,
        "NN_epochs": 4000,
        "max_time": 28800,
        "polyfit_deg": 4,
        "random_state": 4426,
        "test_percentage": 20
    },
    "random_state": 4426,
    "time_time": 8907.882019281387,
    "symbolic_model": "x0",
    "mse_train": 20.21547366854275,
    "mae_train": 4.485479419427383,
    "r2_train": -209.69187356513862,
    "mape_train": 1.0,
    "mse_test": 20.256347655447815,
    "mae_test": 4.4899197467746275,
    "r2_test": -207.8965451273138,
    "mape_test": 1.0,
    "rmse_train": 4.4961621043444095,
    "rmse_test": 4.500705239787184,
    "equation_train_mse": 16.245265571920232,
    "equation_train_mae": 4.000978419427383,
    "equation_train_rmse": 4.0305415978402,
    "equation_train_mape": 0.8910280850785793,
    "equation_test_mse": 16.26437004028423,
    "equation_test_mae": 3.9995661186974485,
    "equation_test_rmse": 4.032910864410994,
    "equation_test_mape": 0.8893812691239532,
    "simplicity": -0.0
}