{
    "dataset": "agric_001_sustainability",
    "algorithm": "tuned.AIFeynman",
    "params": {
        "BF_ops_file_type": "14ops.txt",
        "BF_try_time": 60,
        "NN_epochs": 4000,
        "max_time": 28800,
        "polyfit_deg": 4,
        "random_state": 23654,
        "test_percentage": 20
    },
    "random_state": 23654,
    "time_time": 16728.03141593933,
    "symbolic_model": "x0",
    "mse_train": 14.062833772471148,
    "mae_train": 3.63976597786214,
    "r2_train": -16.2563362437388,
    "mape_train": 1.0,
    "mse_test": 14.366020229851413,
    "mae_test": 3.694795503326104,
    "r2_test": -19.106215785945565,
    "mape_test": 1.0,
    "rmse_train": 3.7500445027320874,
    "rmse_test": 3.790253320010605,
    "equation_train_mse": 10.993204695489418,
    "equation_train_mae": 3.1604823898123406,
    "equation_train_rmse": 3.315600201394827,
    "equation_train_mape": 0.8483334969900552,
    "equation_test_mse": 11.250397675154842,
    "equation_test_mae": 3.217686189665874,
    "equation_test_rmse": 3.354161247637752,
    "equation_test_mape": 0.8560221166660306,
    "simplicity": -0.0
}