{
    "dataset": "agric_001_consumer_trend",
    "algorithm": "tuned.AIFeynman",
    "params": {
        "BF_ops_file_type": "14ops.txt",
        "BF_try_time": 60,
        "NN_epochs": 4000,
        "max_time": 28800,
        "polyfit_deg": 4,
        "random_state": 23654,
        "test_percentage": 20
    },
    "random_state": 23654,
    "time_time": 15753.286960840225,
    "symbolic_model": "x0",
    "mse_train": 20.25648774992759,
    "mae_train": 4.490002296917326,
    "r2_train": -209.20122830495706,
    "mape_train": 1.0,
    "mse_test": 20.092618787644064,
    "mae_test": 4.471864347613179,
    "r2_test": -210.39434229107542,
    "mape_test": 1.0,
    "rmse_train": 4.500720803374454,
    "rmse_test": 4.4824790894820765,
    "equation_train_mse": 16.27392019425249,
    "equation_train_mae": 4.003667963583993,
    "equation_train_rmse": 4.034094718056641,
    "equation_train_mape": 0.8906189088584561,
    "equation_test_mse": 16.14998033037501,
    "equation_test_mae": 3.9888294154774506,
    "equation_test_rmse": 4.018703812222918,
    "equation_test_mape": 0.8910147071284372,
    "simplicity": -0.0
}