{
    "dataset": "agric_01_sustainability",
    "algorithm": "tuned.AIFeynman",
    "params": {
        "BF_ops_file_type": "14ops.txt",
        "BF_try_time": 60,
        "NN_epochs": 4000,
        "max_time": 28800,
        "polyfit_deg": 4,
        "random_state": 28020,
        "test_percentage": 20
    },
    "random_state": 28020,
    "time_time": 14684.664342403412,
    "symbolic_model": "x0",
    "mse_train": 13.956138407239868,
    "mae_train": 3.6229088498318585,
    "r2_train": -13.710698515348643,
    "mape_train": 1.0,
    "mse_test": 13.975649925087163,
    "mae_test": 3.6249113478286055,
    "r2_test": -13.609156003000344,
    "mape_test": 1.0,
    "rmse_train": 3.735791536908861,
    "rmse_test": 3.7384020550346326,
    "equation_train_mse": 10.75007209884628,
    "equation_train_mae": 3.1388392732410706,
    "equation_train_rmse": 3.278730257103545,
    "equation_train_mape": 0.9102345704905551,
    "equation_test_mse": 10.77168509444851,
    "equation_test_mae": 3.141515665835705,
    "equation_test_rmse": 3.282024542024101,
    "equation_test_mape": 0.9088696658547627,
    "simplicity": -0.0
}