{
    "dataset": "agric_001_sustainability",
    "algorithm": "tuned.AIFeynman",
    "params": {
        "BF_ops_file_type": "14ops.txt",
        "BF_try_time": 60,
        "NN_epochs": 4000,
        "max_time": 28800,
        "polyfit_deg": 4,
        "random_state": 16850,
        "test_percentage": 20
    },
    "random_state": 16850,
    "time_time": 16660.92353439331,
    "symbolic_model": "x0",
    "mse_train": 14.05935855656195,
    "mae_train": 3.6398496110846636,
    "r2_train": -16.3389655381753,
    "mape_train": 1.0,
    "mse_test": 14.379893347253397,
    "mae_test": 3.694461638166328,
    "r2_test": -18.675666964949873,
    "mape_test": 1.0,
    "rmse_train": 3.749581117479918,
    "rmse_test": 3.7920829826433646,
    "equation_train_mse": 11.002642035570112,
    "equation_train_mae": 3.163399356368198,
    "equation_train_rmse": 3.3170230682903172,
    "equation_train_mape": 0.84988435983205,
    "equation_test_mse": 11.21272366285665,
    "equation_test_mae": 3.2060416125965845,
    "equation_test_rmse": 3.348540527282991,
    "equation_test_mape": 0.8498310474365105,
    "simplicity": -0.0
}