{
    "dataset": "agric_001_sustainability",
    "algorithm": "tuned.AIFeynman",
    "params": {
        "BF_ops_file_type": "14ops.txt",
        "BF_try_time": 60,
        "NN_epochs": 4000,
        "max_time": 28800,
        "polyfit_deg": 4,
        "random_state": 15795,
        "test_percentage": 20
    },
    "random_state": 15795,
    "time_time": 11103.614651918411,
    "symbolic_model": "x0",
    "mse_train": 14.11453751524217,
    "mae_train": 3.648126107449486,
    "r2_train": -16.518061851284116,
    "mape_train": 1.0,
    "mse_test": 14.159618063100831,
    "mae_test": 3.661421732518336,
    "r2_test": -17.78907871255248,
    "mape_test": 1.0,
    "rmse_train": 3.7569319284812934,
    "rmse_test": 3.762926794810235,
    "equation_train_mse": 11.03460014609067,
    "equation_train_mae": 3.1688047608759917,
    "equation_train_rmse": 3.3218368632566335,
    "equation_train_mape": 0.8491078217175018,
    "equation_test_mse": 11.085146375349439,
    "equation_test_mae": 3.1844631514876265,
    "equation_test_rmse": 3.329436344991362,
    "equation_test_mape": 0.8529309999895969,
    "simplicity": -0.0
}