{
    "dataset": "agric_01_consumer_trend",
    "algorithm": "tuned.AIFeynman",
    "params": {
        "BF_ops_file_type": "14ops.txt",
        "BF_try_time": 60,
        "NN_epochs": 4000,
        "max_time": 28800,
        "polyfit_deg": 4,
        "random_state": 15795,
        "test_percentage": 20
    },
    "random_state": 15795,
    "time_time": 13275.375541687012,
    "symbolic_model": "x0",
    "mse_train": 20.793064366610306,
    "mae_train": 4.549378919142985,
    "r2_train": -215.10858886557793,
    "mape_train": 1.0,
    "mse_test": 20.777907732593984,
    "mae_test": 4.547784534330927,
    "r2_test": -216.42500301056586,
    "mape_test": 1.0,
    "rmse_train": 4.559941267890443,
    "rmse_test": 4.558279031892846,
    "equation_train_mse": 16.649395302022963,
    "equation_train_mae": 4.053231122196195,
    "equation_train_rmse": 4.080367054815407,
    "equation_train_mape": 0.8907261927164252,
    "equation_test_mse": 16.632879204690433,
    "equation_test_mae": 4.051158892879389,
    "equation_test_rmse": 4.078342703193349,
    "equation_test_mape": 0.8905924190221927,
    "simplicity": -0.0
}