{
    "dataset": "agric_001_sustainability",
    "algorithm": "tuned.AIFeynman",
    "params": {
        "BF_ops_file_type": "14ops.txt",
        "BF_try_time": 60,
        "NN_epochs": 4000,
        "max_time": 28800,
        "polyfit_deg": 4,
        "random_state": 860,
        "test_percentage": 20
    },
    "random_state": 860,
    "time_time": 14597.427343606949,
    "symbolic_model": "x0",
    "mse_train": 14.123192877976829,
    "mae_train": 3.6509522469941813,
    "r2_train": -16.79321033191465,
    "mape_train": 1.0,
    "mse_test": 14.125065716854687,
    "mae_test": 3.650139738327935,
    "r2_test": -16.62228572409233,
    "mape_test": 1.0,
    "rmse_train": 3.758083670965407,
    "rmse_test": 3.758332837423355,
    "equation_train_mse": 11.007328328336618,
    "equation_train_mae": 3.1658353256110487,
    "equation_train_rmse": 3.3177293934763,
    "equation_train_mape": 0.8473808839727699,
    "equation_test_mse": 11.194015907301747,
    "equation_test_mae": 3.196317184481411,
    "equation_test_rmse": 3.3457459418344584,
    "equation_test_mape": 0.859824963042419,
    "simplicity": -0.0
}