{
    "dataset": "enb_cooling",
    "algorithm": "tuned.AIFeynman",
    "params": {
        "BF_ops_file_type": "14ops.txt",
        "BF_try_time": 60,
        "NN_epochs": 4000,
        "max_time": 28800,
        "polyfit_deg": 4,
        "random_state": 4426,
        "test_percentage": 20
    },
    "random_state": 4426,
    "time_time": 3601.2221899032593,
    "symbolic_model": "x0",
    "mse_train": 687.0018685667752,
    "mae_train": 24.470765472312703,
    "r2_train": -6.790593746533418,
    "mape_train": 1.0,
    "mse_test": 726.6049058441558,
    "mae_test": 25.054220779220774,
    "r2_test": -6.3475386262283955,
    "mape_test": 1.0,
    "rmse_train": 26.210720489272614,
    "rmse_test": 26.955609914156195,
    "equation_train_mse": 663.9231016518468,
    "equation_train_mae": 24.065498457111836,
    "equation_train_rmse": 25.76670529291331,
    "equation_train_mape": 0.9843115123066103,
    "equation_test_mse": 703.9783048709565,
    "equation_test_mae": 24.672906647907645,
    "equation_test_rmse": 26.532589486722863,
    "equation_test_mape": 0.9857285614232743,
    "simplicity": -0.0
}