{
    "dataset": "enb_heating",
    "algorithm": "tuned.AIFeynman",
    "params": {
        "BF_ops_file_type": "14ops.txt",
        "BF_try_time": 60,
        "NN_epochs": 4000,
        "max_time": 28800,
        "polyfit_deg": 4,
        "random_state": 15795,
        "test_percentage": 20
    },
    "random_state": 15795,
    "time_time": 3601.2250385284424,
    "symbolic_model": "x0",
    "mse_train": 591.7205057003257,
    "mae_train": 22.18845276872964,
    "r2_train": -4.9533376833280105,
    "mape_train": 1.0,
    "mse_test": 629.4730493506493,
    "mae_test": 22.78064935064935,
    "r2_test": -4.6958121693380175,
    "mape_test": 1.0,
    "rmse_train": 24.32530587064273,
    "rmse_test": 25.08930149188393,
    "equation_train_mse": 570.6405842727517,
    "equation_train_mae": 21.788705116539994,
    "equation_train_rmse": 23.88808456684528,
    "equation_train_mape": 0.9822512095033605,
    "equation_test_mse": 607.2714349310864,
    "equation_test_mae": 22.377329447330446,
    "equation_test_rmse": 24.64287797581862,
    "equation_test_mape": 0.9829244080173195,
    "simplicity": -0.0
}