{
    "dataset": "enb_heating",
    "algorithm": "tuned.AIFeynman",
    "params": {
        "BF_ops_file_type": "14ops.txt",
        "BF_try_time": 60,
        "NN_epochs": 4000,
        "max_time": 28800,
        "polyfit_deg": 4,
        "random_state": 5390,
        "test_percentage": 20
    },
    "random_state": 5390,
    "time_time": 3489.178581237793,
    "symbolic_model": "x0",
    "mse_train": 596.9181258957655,
    "mae_train": 22.250570032573286,
    "r2_train": -4.861893419957014,
    "mape_train": 1.0,
    "mse_test": 608.7500701298701,
    "mae_test": 22.53298701298701,
    "r2_test": -5.026359284706424,
    "mape_test": 1.0,
    "rmse_train": 24.43190794628544,
    "rmse_test": 24.672861004145226,
    "equation_train_mse": 575.791105627073,
    "equation_train_mae": 21.85168195331162,
    "equation_train_rmse": 23.995647639250603,
    "equation_train_mape": 0.9823401958335305,
    "equation_test_mse": 586.7362394015192,
    "equation_test_mae": 22.126239981240982,
    "equation_test_rmse": 24.222638985080035,
    "equation_test_mape": 0.9825696183632654,
    "simplicity": -0.0
}