{
    "dataset": "enb_heating",
    "algorithm": "tuned.AIFeynman",
    "params": {
        "BF_ops_file_type": "14ops.txt",
        "BF_try_time": 60,
        "NN_epochs": 4000,
        "max_time": 28800,
        "polyfit_deg": 4,
        "random_state": 23654,
        "test_percentage": 20
    },
    "random_state": 23654,
    "time_time": 2563.152138233185,
    "symbolic_model": "x0",
    "mse_train": 583.993790879479,
    "mae_train": 21.961498371335505,
    "r2_train": -4.743087618323197,
    "mape_train": 1.0,
    "mse_test": 660.2795616883117,
    "mae_test": 23.685519480519478,
    "r2_test": -5.650966664512239,
    "mape_test": 1.0,
    "rmse_train": 24.16596347923002,
    "rmse_test": 25.69590554326334,
    "equation_train_mse": 563.2426302495924,
    "equation_train_mae": 21.567405804198334,
    "equation_train_rmse": 23.73273330759844,
    "equation_train_mape": 0.9823193894684507,
    "equation_test_mse": 636.7671736987472,
    "equation_test_mae": 23.259652679653676,
    "equation_test_rmse": 25.234246049738584,
    "equation_test_mape": 0.9826525736110511,
    "simplicity": -0.0
}