{
    "dataset": "enb_heating",
    "algorithm": "tuned.AIFeynman",
    "params": {
        "BF_ops_file_type": "14ops.txt",
        "BF_try_time": 60,
        "NN_epochs": 4000,
        "max_time": 28800,
        "polyfit_deg": 4,
        "random_state": 29910,
        "test_percentage": 20
    },
    "random_state": 29910,
    "time_time": 3602.2590022087097,
    "symbolic_model": "x0",
    "mse_train": 601.9782135179154,
    "mae_train": 22.43086319218241,
    "r2_train": -5.090764515656222,
    "mape_train": 1.0,
    "mse_test": 588.575435064935,
    "mae_test": 21.814155844155845,
    "r2_test": -4.2216613750049765,
    "mape_test": 1.0,
    "rmse_train": 24.535244313393648,
    "rmse_test": 24.26057367551178,
    "equation_train_mse": 580.556184096633,
    "equation_train_mae": 22.02957735685849,
    "equation_train_rmse": 24.094733534460037,
    "equation_train_mape": 0.9825664137220844,
    "equation_test_mse": 567.7378096592474,
    "equation_test_mae": 21.416968696969693,
    "equation_test_rmse": 23.827249309545728,
    "equation_test_mape": 0.9816676847037062,
    "simplicity": -0.0
}