{
    "dataset": "enb_cooling",
    "algorithm": "tuned.AIFeynman",
    "params": {
        "BF_ops_file_type": "14ops.txt",
        "BF_try_time": 60,
        "NN_epochs": 4000,
        "max_time": 28800,
        "polyfit_deg": 4,
        "random_state": 28020,
        "test_percentage": 20
    },
    "random_state": 28020,
    "time_time": 3602.5404410362244,
    "symbolic_model": "x0",
    "mse_train": 699.0465431596091,
    "mae_train": 24.665521172638435,
    "r2_train": -6.710757479902013,
    "mape_train": 1.0,
    "mse_test": 678.5826318181818,
    "mae_test": 24.277727272727272,
    "r2_test": -6.6095962943822775,
    "mape_test": 1.0,
    "rmse_train": 26.439488330139998,
    "rmse_test": 26.04961865014883,
    "equation_train_mse": 675.7538726388888,
    "equation_train_mae": 24.260842286283026,
    "equation_train_rmse": 25.99526635060485,
    "equation_train_mape": 0.984499637344326,
    "equation_test_mse": 656.8088672992442,
    "equation_test_mae": 23.894068264069265,
    "equation_test_rmse": 25.628282566322,
    "equation_test_mape": 0.9849785044547186,
    "simplicity": -0.0
}