{
    "dataset": "agric_001_consumer_trend",
    "algorithm": "tuned.DSRRegressor",
    "params": {
        "config": {
            "task": {
                "task_type": "regression",
                "function_set": [
                    "add",
                    "sub",
                    "mul",
                    "div",
                    "sin",
                    "cos",
                    "exp",
                    "log"
                ],
                "dataset": null
            },
            "training": {
                "n_samples": 1000000,
                "batch_size": 1000
            },
            "experiment": {
                "logdir": null
            },
            "gp_meld": {
                "run_gp_meld": false
            },
            "max_time": 3600
        }
    },
    "random_state": 21962,
    "time_time": 3600.4256789684296,
    "symbolic_model": "x0",
    "mse_train": 20.21537224706653,
    "mae_train": 4.485436817526026,
    "r2_train": -209.07610618280904,
    "mape_train": 1.0,
    "mse_test": 20.256752531600377,
    "mae_test": 4.490089814245118,
    "r2_test": -210.346892976705,
    "mape_test": 1.0,
    "rmse_train": 4.496150825658157,
    "rmse_test": 4.500750218752467,
    "equation_train_mse": 16.290676967178477,
    "equation_train_mae": 4.0059358175260265,
    "equation_train_rmse": 4.036171077541,
    "equation_train_mape": 0.892054673393412,
    "equation_test_mse": 16.083087025281245,
    "equation_test_mae": 3.979776106327619,
    "equation_test_rmse": 4.010372429747797,
    "equation_test_mape": 0.8852831121785134,
    "simplicity": -0.0
}