{
    "dataset": "agric_001_consumer_trend",
    "algorithm": "tuned.DSRRegressor",
    "params": {
        "config": {
            "task": {
                "task_type": "regression",
                "function_set": [
                    "add",
                    "sub",
                    "mul",
                    "div",
                    "sin",
                    "cos",
                    "exp",
                    "log"
                ],
                "dataset": null
            },
            "training": {
                "n_samples": 1000000,
                "batch_size": 1000
            },
            "experiment": {
                "logdir": null
            },
            "gp_meld": {
                "run_gp_meld": false
            },
            "max_time": 3600
        }
    },
    "random_state": 860,
    "time_time": 3600.342605829239,
    "symbolic_model": "x0",
    "mse_train": 20.22537861853704,
    "mae_train": 4.486687583931645,
    "r2_train": -211.86927300017248,
    "mape_train": 1.0,
    "mse_test": 20.216806936907723,
    "mae_test": 4.485096734781569,
    "r2_test": -199.7343911073152,
    "mape_test": 1.0,
    "rmse_train": 4.497263458875524,
    "rmse_test": 4.4963103692814315,
    "equation_train_mse": 16.195071722889764,
    "equation_train_mae": 3.994519917264978,
    "equation_train_rmse": 4.02431009278482,
    "equation_train_mape": 0.8892948710322585,
    "equation_test_mse": 16.46474468711245,
    "equation_test_mae": 4.025348562459546,
    "equation_test_rmse": 4.05767725270412,
    "equation_test_mape": 0.8963002872729386,
    "simplicity": -0.0
}