{
    "dataset": "agric_001_consumer_trend",
    "algorithm": "tuned.DSRRegressor",
    "params": {
        "config": {
            "task": {
                "task_type": "regression",
                "function_set": [
                    "add",
                    "sub",
                    "mul",
                    "div",
                    "sin",
                    "cos",
                    "exp",
                    "log"
                ],
                "dataset": null
            },
            "training": {
                "n_samples": 1000000,
                "batch_size": 1000
            },
            "experiment": {
                "logdir": null
            },
            "gp_meld": {
                "run_gp_meld": false
            },
            "max_time": 3600
        }
    },
    "random_state": 23654,
    "time_time": 3600.379851579666,
    "symbolic_model": "x0",
    "mse_train": 20.25648774992759,
    "mae_train": 4.490002296917326,
    "r2_train": -209.20122830495706,
    "mape_train": 1.0,
    "mse_test": 20.092618787644064,
    "mae_test": 4.471864347613179,
    "r2_test": -210.39434229107542,
    "mape_test": 1.0,
    "rmse_train": 4.500720803374454,
    "rmse_test": 4.4824790894820765,
    "equation_train_mse": 16.27392019425249,
    "equation_train_mae": 4.003667963583993,
    "equation_train_rmse": 4.034094718056641,
    "equation_train_mape": 0.8906189088584561,
    "equation_test_mse": 16.14998033037501,
    "equation_test_mae": 3.9888294154774506,
    "equation_test_rmse": 4.018703812222918,
    "equation_test_mape": 0.8910147071284372,
    "simplicity": -0.0
}