{
    "dataset": "agric_01_consumer_trend",
    "algorithm": "tuned.DSRRegressor",
    "params": {
        "config": {
            "task": {
                "task_type": "regression",
                "function_set": [
                    "add",
                    "sub",
                    "mul",
                    "div",
                    "sin",
                    "cos",
                    "exp",
                    "log"
                ],
                "dataset": null
            },
            "training": {
                "n_samples": 1000000,
                "batch_size": 1000
            },
            "experiment": {
                "logdir": null
            },
            "gp_meld": {
                "run_gp_meld": false
            },
            "max_time": 3600
        }
    },
    "random_state": 16850,
    "time_time": 3600.4366455078125,
    "symbolic_model": "x0",
    "mse_train": 20.792069987088137,
    "mae_train": 4.549291530198343,
    "r2_train": -215.5467072605448,
    "mape_train": 1.0,
    "mse_test": 20.78188519098408,
    "mae_test": 4.548134084863006,
    "r2_test": -214.66577099393143,
    "mape_test": 1.0,
    "rmse_train": 4.559832232340148,
    "rmse_test": 4.55871530049685,
    "equation_train_mse": 16.645003732153018,
    "equation_train_mae": 4.0526567671007045,
    "equation_train_rmse": 4.079828885155972,
    "equation_train_mape": 0.8906138542788447,
    "equation_test_mse": 16.650445220517817,
    "equation_test_mae": 4.053456278779355,
    "equation_test_rmse": 4.080495707695061,
    "equation_test_mape": 0.8910417660281619,
    "simplicity": -0.0
}