{
    "dataset": "agric_01_sustainability",
    "algorithm": "tuned.DSRRegressor",
    "params": {
        "config": {
            "task": {
                "task_type": "regression",
                "function_set": [
                    "add",
                    "sub",
                    "mul",
                    "div",
                    "sin",
                    "cos",
                    "exp",
                    "log"
                ],
                "dataset": null
            },
            "training": {
                "n_samples": 1000000,
                "batch_size": 1000
            },
            "experiment": {
                "logdir": null
            },
            "gp_meld": {
                "run_gp_meld": false
            },
            "max_time": 3600
        }
    },
    "random_state": 29910,
    "time_time": 3600.216342687607,
    "symbolic_model": "x0",
    "mse_train": 13.954307357860284,
    "mae_train": 3.6221906285849435,
    "r2_train": -13.65356160788207,
    "mape_train": 1.0,
    "mse_test": 13.982974012676573,
    "mae_test": 3.627784189697118,
    "r2_test": -13.838899127766082,
    "mape_test": 1.0,
    "rmse_train": 3.7355464604071362,
    "rmse_test": 3.73938150135508,
    "equation_train_mse": 10.75011294062517,
    "equation_train_mae": 3.1383011860408296,
    "equation_train_rmse": 3.278736485389634,
    "equation_train_mape": 0.9109581214466704,
    "equation_test_mse": 10.771521729784922,
    "equation_test_mae": 3.1436679823320555,
    "equation_test_rmse": 3.2819996541414995,
    "equation_test_mape": 0.9059755054694227,
    "simplicity": -0.0
}