{
    "dataset": "agric_01_consumer_trend",
    "algorithm": "tuned.DSRRegressor",
    "params": {
        "config": {
            "task": {
                "task_type": "regression",
                "function_set": [
                    "add",
                    "sub",
                    "mul",
                    "div",
                    "sin",
                    "cos",
                    "exp",
                    "log"
                ],
                "dataset": null
            },
            "training": {
                "n_samples": 1000000,
                "batch_size": 1000
            },
            "experiment": {
                "logdir": null
            },
            "gp_meld": {
                "run_gp_meld": false
            },
            "max_time": 3600
        }
    },
    "random_state": 23654,
    "time_time": 3600.4383330345154,
    "symbolic_model": "x0",
    "mse_train": 20.792076275338317,
    "mae_train": 4.549290884571503,
    "r2_train": -215.51934597234168,
    "mape_train": 1.0,
    "mse_test": 20.781860038360872,
    "mae_test": 4.548136667331602,
    "r2_test": -214.77443324660365,
    "mape_test": 1.0,
    "rmse_train": 4.5598329218665805,
    "rmse_test": 4.5587125417557175,
    "equation_train_mse": 16.64307177773636,
    "equation_train_mae": 4.052407635321549,
    "equation_train_rmse": 4.079592109235476,
    "equation_train_mape": 0.8905577266769192,
    "equation_test_mse": 16.658172922197593,
    "equation_test_mae": 4.0544527909390995,
    "equation_test_rmse": 4.081442505070676,
    "equation_test_mape": 0.8912662730661854,
    "simplicity": -0.0
}