{
    "dataset": "agric_001_sustainability",
    "algorithm": "tuned.DSRRegressor",
    "params": {
        "config": {
            "task": {
                "task_type": "regression",
                "function_set": [
                    "add",
                    "sub",
                    "mul",
                    "div",
                    "sin",
                    "cos",
                    "exp",
                    "log"
                ],
                "dataset": null
            },
            "training": {
                "n_samples": 1000000,
                "batch_size": 1000
            },
            "experiment": {
                "logdir": null
            },
            "gp_meld": {
                "run_gp_meld": false
            },
            "max_time": 3600
        }
    },
    "random_state": 16850,
    "time_time": 3600.719914674759,
    "symbolic_model": "x0",
    "mse_train": 14.05935855656195,
    "mae_train": 3.6398496110846636,
    "r2_train": -16.3389655381753,
    "mape_train": 1.0,
    "mse_test": 14.379893347253397,
    "mae_test": 3.694461638166328,
    "r2_test": -18.675666964949873,
    "mape_test": 1.0,
    "rmse_train": 3.749581117479918,
    "rmse_test": 3.7920829826433646,
    "equation_train_mse": 11.002642035570112,
    "equation_train_mae": 3.163399356368198,
    "equation_train_rmse": 3.3170230682903172,
    "equation_train_mape": 0.84988435983205,
    "equation_test_mse": 11.21272366285665,
    "equation_test_mae": 3.2060416125965845,
    "equation_test_rmse": 3.348540527282991,
    "equation_test_mape": 0.8498310474365105,
    "simplicity": -0.0
}