{
    "dataset": "agric_001_consumer_trend",
    "algorithm": "tuned.DSRRegressor",
    "params": {
        "config": {
            "task": {
                "task_type": "regression",
                "function_set": [
                    "add",
                    "sub",
                    "mul",
                    "div",
                    "sin",
                    "cos",
                    "exp",
                    "log"
                ],
                "dataset": null
            },
            "training": {
                "n_samples": 1000000,
                "batch_size": 1000
            },
            "experiment": {
                "logdir": null
            },
            "gp_meld": {
                "run_gp_meld": false
            },
            "max_time": 3600
        }
    },
    "random_state": 15795,
    "time_time": 3600.1796913146973,
    "symbolic_model": "x0",
    "mse_train": 20.206284196006543,
    "mae_train": 4.484257006181865,
    "r2_train": -205.7703864173495,
    "mape_train": 1.0,
    "mse_test": 20.293032176550437,
    "mae_test": 4.49479963997031,
    "r2_test": -224.9592450250666,
    "mape_test": 1.0,
    "rmse_train": 4.495140064114414,
    "rmse_test": 4.504778815496987,
    "equation_train_mse": 16.233370326498083,
    "equation_train_mae": 3.998256006181865,
    "equation_train_rmse": 4.029065689027431,
    "equation_train_mape": 0.890519508291045,
    "equation_test_mse": 16.311856049953477,
    "equation_test_mae": 4.010434035845227,
    "equation_test_rmse": 4.038793885549679,
    "equation_test_mape": 0.8914115157807772,
    "simplicity": -0.0
}