{
    "dataset": "agric_001_consumer_trend",
    "algorithm": "tuned.DSRRegressor",
    "params": {
        "config": {
            "task": {
                "task_type": "regression",
                "function_set": [
                    "add",
                    "sub",
                    "mul",
                    "div",
                    "sin",
                    "cos",
                    "exp",
                    "log"
                ],
                "dataset": null
            },
            "training": {
                "n_samples": 1000000,
                "batch_size": 1000
            },
            "experiment": {
                "logdir": null
            },
            "gp_meld": {
                "run_gp_meld": false
            },
            "max_time": 3600
        }
    },
    "random_state": 28020,
    "time_time": 3600.6094186306,
    "symbolic_model": "x0",
    "mse_train": 20.265275338983123,
    "mae_train": 4.490984329291026,
    "r2_train": -209.36233731978683,
    "mape_train": 1.0,
    "mse_test": 20.05753859181357,
    "mae_test": 4.467944058696217,
    "r2_test": -210.0998087335994,
    "mape_test": 1.0,
    "rmse_train": 4.501696939930889,
    "rmse_test": 4.478564344945104,
    "equation_train_mse": 16.28019559387558,
    "equation_train_mae": 4.004483329291026,
    "equation_train_rmse": 4.03487243836476,
    "equation_train_mape": 0.8906291195093852,
    "equation_test_mse": 16.12492883487366,
    "equation_test_mae": 3.9855744625551646,
    "equation_test_rmse": 4.0155857399479915,
    "equation_test_mape": 0.8909739460468838,
    "simplicity": -0.0
}