{
    "dataset": "agric_001_sustainability",
    "algorithm": "tuned.DSRRegressor",
    "params": {
        "config": {
            "task": {
                "task_type": "regression",
                "function_set": [
                    "add",
                    "sub",
                    "mul",
                    "div",
                    "sin",
                    "cos",
                    "exp",
                    "log"
                ],
                "dataset": null
            },
            "training": {
                "n_samples": 1000000,
                "batch_size": 1000
            },
            "experiment": {
                "logdir": null
            },
            "gp_meld": {
                "run_gp_meld": false
            },
            "max_time": 3600
        }
    },
    "random_state": 14423,
    "time_time": 3600.3244931697845,
    "symbolic_model": "x0",
    "mse_train": 14.005946251579234,
    "mae_train": 3.636925855466959,
    "r2_train": -16.985935743160503,
    "mape_train": 1.0,
    "mse_test": 14.593116121635504,
    "mae_test": 3.7061333172789213,
    "r2_test": -16.01440245102625,
    "mape_test": 1.0,
    "rmse_train": 3.74245190370955,
    "rmse_test": 3.820093732048404,
    "equation_train_mse": 10.915144354403179,
    "equation_train_mae": 3.1535667503697704,
    "equation_train_rmse": 3.3038075540810756,
    "equation_train_mape": 0.8487412426264429,
    "equation_test_mse": 11.562015803243614,
    "equation_test_mae": 3.2452935327499874,
    "equation_test_rmse": 3.400296428731415,
    "equation_test_mape": 0.8543943895746621,
    "simplicity": -0.0
}