{
    "dataset": "enb_heating",
    "algorithm": "tuned.DSRRegressor",
    "params": {
        "config": {
            "task": {
                "task_type": "regression",
                "function_set": [
                    "add",
                    "sub",
                    "mul",
                    "div",
                    "sin",
                    "cos",
                    "exp",
                    "log"
                ],
                "dataset": null
            },
            "training": {
                "n_samples": 1000000,
                "batch_size": 1000
            },
            "experiment": {
                "logdir": null
            },
            "gp_meld": {
                "run_gp_meld": false
            },
            "max_time": 3600
        }
    },
    "random_state": 16850,
    "time_time": 3600.984011411667,
    "symbolic_model": "x0",
    "mse_train": 593.3257195439738,
    "mae_train": 22.193224755700324,
    "r2_train": -4.886956606282531,
    "mape_train": 1.0,
    "mse_test": 623.073040909091,
    "mae_test": 22.761623376623376,
    "r2_test": -4.935072280621098,
    "mape_test": 1.0,
    "rmse_train": 24.358278254917234,
    "rmse_test": 24.961431066929855,
    "equation_train_mse": 572.287080826062,
    "equation_train_mae": 21.795920100253344,
    "equation_train_rmse": 23.922522459516305,
    "equation_train_mape": 0.9824084173099328,
    "equation_test_mse": 600.7068317899657,
    "equation_test_mae": 22.348563213564216,
    "equation_test_rmse": 24.509321324548456,
    "equation_test_mape": 0.9822976184508557,
    "simplicity": -0.0
}