{
    "dataset": "enb_cooling",
    "algorithm": "tuned.DSRRegressor",
    "params": {
        "config": {
            "task": {
                "task_type": "regression",
                "function_set": [
                    "add",
                    "sub",
                    "mul",
                    "div",
                    "sin",
                    "cos",
                    "exp",
                    "log"
                ],
                "dataset": null
            },
            "training": {
                "n_samples": 1000000,
                "batch_size": 1000
            },
            "experiment": {
                "logdir": null
            },
            "gp_meld": {
                "run_gp_meld": false
            },
            "max_time": 3600
        }
    },
    "random_state": 29910,
    "time_time": 3600.623102903366,
    "symbolic_model": "x0",
    "mse_train": 702.2160436482085,
    "mae_train": 24.74485342019544,
    "r2_train": -6.810360729895145,
    "mape_train": 1.0,
    "mse_test": 665.9457922077922,
    "mae_test": 23.96142857142857,
    "r2_test": -6.25464866687016,
    "mape_test": 1.0,
    "rmse_train": 26.499359306372078,
    "rmse_test": 25.8059255251152,
    "equation_train_mse": 679.0593452847944,
    "equation_train_mae": 24.343567584871515,
    "equation_train_rmse": 26.058767148213178,
    "equation_train_mape": 0.9846910989354037,
    "equation_test_mse": 643.6299049318015,
    "equation_test_mae": 23.56424142424242,
    "equation_test_rmse": 25.369862138604567,
    "equation_test_mape": 0.9842151446045778,
    "simplicity": -0.0
}