{
    "dataset": "enb_cooling",
    "algorithm": "tuned.DSRRegressor",
    "params": {
        "config": {
            "task": {
                "task_type": "regression",
                "function_set": [
                    "add",
                    "sub",
                    "mul",
                    "div",
                    "sin",
                    "cos",
                    "exp",
                    "log"
                ],
                "dataset": null
            },
            "training": {
                "n_samples": 1000000,
                "batch_size": 1000
            },
            "experiment": {
                "logdir": null
            },
            "gp_meld": {
                "run_gp_meld": false
            },
            "max_time": 3600
        }
    },
    "random_state": 28020,
    "time_time": 3600.25678730011,
    "symbolic_model": "x0",
    "mse_train": 699.0465431596091,
    "mae_train": 24.665521172638435,
    "r2_train": -6.710757479902013,
    "mape_train": 1.0,
    "mse_test": 678.5826318181818,
    "mae_test": 24.277727272727272,
    "r2_test": -6.6095962943822775,
    "mape_test": 1.0,
    "rmse_train": 26.439488330139998,
    "rmse_test": 26.04961865014883,
    "equation_train_mse": 675.7538726388888,
    "equation_train_mae": 24.260842286283026,
    "equation_train_rmse": 25.99526635060485,
    "equation_train_mape": 0.984499637344326,
    "equation_test_mse": 656.8088672992442,
    "equation_test_mae": 23.894068264069265,
    "equation_test_rmse": 25.628282566322,
    "equation_test_mape": 0.9849785044547186,
    "simplicity": -0.0
}