{
    "dataset": "enb_cooling",
    "algorithm": "tuned.DSRRegressor",
    "params": {
        "config": {
            "task": {
                "task_type": "regression",
                "function_set": [
                    "add",
                    "sub",
                    "mul",
                    "div",
                    "sin",
                    "cos",
                    "exp",
                    "log"
                ],
                "dataset": null
            },
            "training": {
                "n_samples": 1000000,
                "batch_size": 1000
            },
            "experiment": {
                "logdir": null
            },
            "gp_meld": {
                "run_gp_meld": false
            },
            "max_time": 3600
        }
    },
    "random_state": 16850,
    "time_time": 3600.367506504059,
    "symbolic_model": "x0",
    "mse_train": 691.3014153094462,
    "mae_train": 24.51583061889251,
    "r2_train": -6.657688831553799,
    "mape_train": 1.0,
    "mse_test": 709.4625571428571,
    "mae_test": 24.874545454545455,
    "r2_test": -6.820393639152707,
    "mape_test": 1.0,
    "rmse_train": 26.292611420500744,
    "rmse_test": 26.635738344240753,
    "equation_train_mse": 668.5465314468655,
    "equation_train_mae": 24.11852596344553,
    "equation_train_rmse": 25.856266773199597,
    "equation_train_mape": 0.9846570820508546,
    "equation_test_mse": 685.5446302336743,
    "equation_test_mae": 24.46148529148629,
    "equation_test_rmse": 26.182907215083553,
    "equation_test_mape": 0.9843507703650526,
    "simplicity": -0.0
}