{
    "dataset": "enb_heating",
    "algorithm": "tuned.DSRRegressor",
    "params": {
        "config": {
            "task": {
                "task_type": "regression",
                "function_set": [
                    "add",
                    "sub",
                    "mul",
                    "div",
                    "sin",
                    "cos",
                    "exp",
                    "log"
                ],
                "dataset": null
            },
            "training": {
                "n_samples": 1000000,
                "batch_size": 1000
            },
            "experiment": {
                "logdir": null
            },
            "gp_meld": {
                "run_gp_meld": false
            },
            "max_time": 3600
        }
    },
    "random_state": 28020,
    "time_time": 3600.7960107326508,
    "symbolic_model": "x0",
    "mse_train": 604.2890662866449,
    "mae_train": 22.40881107491857,
    "r2_train": -4.916615156259526,
    "mape_train": 1.0,
    "mse_test": 579.3620350649351,
    "mae_test": 21.902077922077922,
    "r2_test": -4.813326495011241,
    "mape_test": 1.0,
    "rmse_train": 24.582291721616294,
    "rmse_test": 24.069940487357567,
    "equation_train_mse": 582.6985709271912,
    "equation_train_mae": 22.004132188563158,
    "equation_train_rmse": 24.139150169945736,
    "equation_train_mape": 0.9822649345808064,
    "equation_test_mse": 559.1960855426064,
    "equation_test_mae": 21.518418913419914,
    "equation_test_rmse": 23.64732723887853,
    "equation_test_mape": 0.9828696859552943,
    "simplicity": -0.0
}