{
    "dataset": "enb_cooling",
    "algorithm": "tuned.DSRRegressor",
    "params": {
        "config": {
            "task": {
                "task_type": "regression",
                "function_set": [
                    "add",
                    "sub",
                    "mul",
                    "div",
                    "sin",
                    "cos",
                    "exp",
                    "log"
                ],
                "dataset": null
            },
            "training": {
                "n_samples": 1000000,
                "batch_size": 1000
            },
            "experiment": {
                "logdir": null
            },
            "gp_meld": {
                "run_gp_meld": false
            },
            "max_time": 3600
        }
    },
    "random_state": 860,
    "time_time": 3600.2448818683624,
    "symbolic_model": "x0",
    "mse_train": 689.5364403908794,
    "mae_train": 24.514592833876222,
    "r2_train": -6.7851108164598815,
    "mape_train": 1.0,
    "mse_test": 716.4995350649351,
    "mae_test": 24.879480519480516,
    "r2_test": -6.347885382780763,
    "mape_test": 1.0,
    "rmse_train": 26.259025884272237,
    "rmse_test": 26.76750894395919,
    "equation_train_mse": 666.3388540178958,
    "equation_train_mae": 24.11000442888165,
    "equation_train_rmse": 25.813540129511406,
    "equation_train_mape": 0.9844488037034815,
    "equation_test_mse": 694.3466688141119,
    "equation_test_mae": 24.495460760461757,
    "equation_test_rmse": 26.350458607282565,
    "equation_test_mape": 0.9851811788409427,
    "simplicity": -0.0
}