{
    "dataset": "enb_cooling",
    "algorithm": "tuned.BSRRegressor",
    "params": {
        "alpha1": 0.4,
        "alpha2": 0.4,
        "beta": -1,
        "disp": false,
        "itrNum": 7071,
        "treeNum": 3,
        "val": 141
    },
    "random_state": 15795,
    "time_time": 3600.150316476822,
    "symbolic_model": "x0",
    "mse_train": 688.1279975570033,
    "mae_train": 24.496400651465798,
    "r2_train": -6.814809564937282,
    "mape_train": 1.0,
    "mse_test": 722.1150149350649,
    "mae_test": 24.952012987012985,
    "r2_test": -6.256557591027149,
    "mape_test": 1.0,
    "rmse_train": 26.232193914291713,
    "rmse_test": 26.872197806191156,
    "equation_train_mse": 665.3251960158859,
    "equation_train_mae": 24.09665299927615,
    "equation_train_rmse": 25.793898426098487,
    "equation_train_mape": 0.9845421086083017,
    "equation_test_mse": 698.388136432515,
    "equation_test_mae": 24.548693083694083,
    "equation_test_rmse": 26.427034196680395,
    "equation_test_mape": 0.984809170973673,
    "simplicity": -0.0
}