{
    "dataset": "enb_cooling",
    "algorithm": "tuned.BSRRegressor",
    "params": {
        "alpha1": 0.4,
        "alpha2": 0.4,
        "beta": -1,
        "disp": false,
        "itrNum": 7071,
        "treeNum": 3,
        "val": 141
    },
    "random_state": 4426,
    "time_time": 3600.0521833896637,
    "symbolic_model": "x0",
    "mse_train": 687.0018685667752,
    "mae_train": 24.470765472312703,
    "r2_train": -6.790593746533418,
    "mape_train": 1.0,
    "mse_test": 726.6049058441558,
    "mae_test": 25.054220779220774,
    "r2_test": -6.3475386262283955,
    "mape_test": 1.0,
    "rmse_train": 26.210720489272614,
    "rmse_test": 26.955609914156195,
    "equation_train_mse": 663.9231016518468,
    "equation_train_mae": 24.065498457111836,
    "equation_train_rmse": 25.76670529291331,
    "equation_train_mape": 0.9843115123066103,
    "equation_test_mse": 703.9783048709565,
    "equation_test_mae": 24.672906647907645,
    "equation_test_rmse": 26.532589486722863,
    "equation_test_mape": 0.9857285614232743,
    "simplicity": -0.0
}