{
    "dataset": "enb_heating",
    "algorithm": "tuned.BSRRegressor",
    "params": {
        "alpha1": 0.4,
        "alpha2": 0.4,
        "beta": -1,
        "disp": false,
        "itrNum": 7071,
        "treeNum": 3,
        "val": 141
    },
    "random_state": 21962,
    "time_time": 3600.034550666809,
    "symbolic_model": "x0",
    "mse_train": 591.8192029315961,
    "mae_train": 22.158892508143325,
    "r2_train": -4.871065820941843,
    "mape_train": 1.0,
    "mse_test": 629.0795422077922,
    "mae_test": 22.898506493506492,
    "r2_test": -5.006223979046836,
    "mape_test": 1.0,
    "rmse_train": 24.327334480612464,
    "rmse_test": 25.08145813559874,
    "equation_train_mse": 570.7213388551459,
    "equation_train_mae": 21.76054731704669,
    "equation_train_rmse": 23.889774776149437,
    "equation_train_mape": 0.9824025858413432,
    "equation_test_mse": 606.9494653623194,
    "equation_test_mae": 22.489594959595962,
    "equation_test_rmse": 24.63634439932839,
    "equation_test_mape": 0.9823208685918556,
    "simplicity": -0.0
}